[
  {
    "Name": "admin",
    "PasswordHash": "admin",
    "FailedAttempts": 3,
    "IsLocked": true,
    "LockTime": "2025-06-21T21:33:56.1749148+02:00"
  },
  {
    "Name": "test",
    "PasswordHash": "test",
    "FailedAttempts": 0,
    "IsLocked": false,
    "LockTime": null
  },
  {
    "Name": "user1",
    "PasswordHash": "user1",
    "FailedAttempts": 0,
    "IsLocked": false,
    "LockTime": null
  },
  {
    "Name": "user2",
    "PasswordHash": "user2",
    "FailedAttempts": 0,
    "IsLocked": false,
    "LockTime": null
  }
]